OTH-405 Zestawienie dokumentów magazynowych za okres od 2017-02-01 do 2017-02-28Oddzia³ (06) 210-LEXUS WARSZAWA-PULAWSKA (210), Dzia³ (21) 210 MAGAZYN LEXUSPodsumowania po dokumentach w³asnychWybrano dokumenty z fakturami/specyfikacjami sprzeda¿y i bez faktur/specyfikacji sprzeda¿y;;;;;;;;
Symb.dok.;Nr dokumentu;z dnia;Komórka organizacyjnaKontrahent;Nr dokumentuzakupowego/sprzeda¿y/zlecenia;;Iloœæpozycji;Wart. wgcen zak.;Wart. wgcen sprz.

RwZ;06/21/200/0000332/2017;2017-02-01;100-Serwis mechaniczny;Zl 06/11/100/0000255/2017;;1;2403.76;2603.40
RwZ;06/21/200/0000333/2017;2017-02-01;100-Serwis mechaniczny;Zl 06/11/100/0000254/2017;;3;391.68;460.80
RwZ;06/21/200/0000334/2017;2017-02-01;100-Serwis mechaniczny;Zl 06/11/100/0000253/2017;;10;610.91;1152.43
RwZ;06/21/200/0000335/2017;2017-02-01;100-Serwis mechaniczny;Zl 06/11/100/0000253/2017;;1;8.84;23.40
RwZ;06/21/200/0000336/2017;2017-02-01;100-Serwis mechaniczny;Zl 06/11/100/0000253/2017;;1;7.34;10.74
RwZ;06/21/200/0000337/2017;2017-02-01;100-Serwis mechaniczny;Zl 06/11/100/0000257/2017;;1;972.30;1073.16
RwZ;06/21/200/0000338/2017;2017-02-01;100-Serwis mechaniczny;Zl 06/11/100/0000258/2017;;3;391.68;460.80
RwZ;06/21/200/0000339/2017;2017-02-01;100-Serwis mechaniczny;Zl 06/11/100/0000253/2017;;1;7.30;14.59
RwZ;06/21/200/0000340/2017;2017-02-01;100-Serwis mechaniczny;Zl 06/11/100/0000253/2017;;2;602.69;899.52
RwZ;06/21/200/0000341/2017;2017-02-01;100-Serwis mechaniczny;Zl 06/11/100/0000260/2017;;1;387.84;606.00
RwZ;06/21/200/0000342/2017;2017-02-01;100-Serwis mechaniczny;Zl 06/11/100/0000256/2017;;12;626.91;1230.67
RwZ;06/21/200/0000343/2017;2017-02-01;100-Serwis mechaniczny;Zl 06/11/100/0000256/2017;;1;1536.52;2282.63
RwZ;06/21/200/0000344/2017;2017-02-01;100-Serwis mechaniczny;Zl 06/11/100/0000256/2017;;1;2.12;9.70
RwZ;06/21/200/0000345/2017;2017-02-01;100-Serwis mechaniczny;Zl 06/11/100/0000253/2017;;1;236.24;342.40
RwZ;06/21/200/0000346/2017;2017-02-01;100-Serwis mechaniczny;Zl 06/11/100/0000253/2017;;1;62.48;79.80
RwZ;06/21/200/0000347/2017;2017-02-01;100-Serwis mechaniczny;Zl 06/11/100/0000256/2017;;3;20.93;36.09
RwZ;06/21/200/0000348/2017;2017-02-01;100-Serwis mechaniczny;Zl 06/11/100/0000261/2017;;3;400.89;460.80
RwZ;06/21/200/0000349/2017;2017-02-01;100-Serwis mechaniczny;Zl 06/11/100/0000256/2017;;1;5.24;6.81
RwZ;06/21/200/0000350/2017;2017-02-01;100-Serwis mechaniczny;Zl 06/11/100/0000253/2017;;1;21.87;30.78
RwZ;06/21/200/0000351/2017;2017-02-01;100-Serwis mechaniczny;Zl 06/11/100/0000262/2017;;1;14.58;14.97
RwZ;06/21/200/0000352/2017;2017-02-01;100-Serwis mechaniczny;Zl 06/11/100/0000253/2017;;1;13.00;22.59
RwZ;06/21/200/0000353/2017;2017-02-01;100-Serwis mechaniczny;Zl 06/11/100/0000253/2017;;1;4.43;12.85
RwZ;06/21/200/0000354/2017;2017-02-01;100-Serwis mechaniczny;Zl 06/11/100/0000263/2017;;1;7.29;7.49
RwZ;06/21/200/0000355/2017;2017-02-01;100-Serwis mechaniczny;Zl 06/11/100/0000266/2017;;2;353.57;415.96
RwZ;06/21/200/0000356/2017;2017-02-01;100-Serwis mechaniczny;Zl 06/11/100/0000259/2017;;1;1054.80;1551.20
RwZ;06/21/200/0000357/2017;2017-02-01;100-Serwis mechaniczny;Zl 06/11/100/0000005/2017;;1;5574.28;7851.08
RwZ;06/21/200/0000358/2017;2017-02-01;100-Serwis mechaniczny;Zl 06/11/100/0000259/2017;;2;259.41;352.20
RwZ;06/21/200/0000359/2017;2017-02-02;100-Serwis mechaniczny;Zl 06/11/100/0000268/2017;;3;400.89;460.80
RwZ;06/21/200/0000360/2017;2017-02-02;100-Serwis mechaniczny;Zl 06/11/100/0000270/2017;;3;391.68;460.80
RwZ;06/21/200/0000361/2017;2017-02-02;100-Serwis mechaniczny;Zl 06/11/100/0000272/2017;;1;39.61;68.29
RwZ;06/21/200/0000362/2017;2017-02-02;100-Serwis mechaniczny;Zl 06/11/100/0000271/2017;;8;271.03;591.69
RwZ;06/21/200/0000363/2017;2017-02-02;100-Serwis mechaniczny;Zl 06/11/100/0000269/2017;;1;7.29;7.49
RwZ;06/21/200/0000364/2017;2017-02-02;100-Serwis mechaniczny;Zl 06/11/100/0000270/2017;;1;2.12;9.70
RwZ;06/21/200/0000365/2017;2017-02-02;100-Serwis mechaniczny;Zl 06/11/100/0000271/2017;;2;618.99;920.34
RwZ;06/21/200/0000366/2017;2017-02-02;100-Serwis mechaniczny;Zl 06/11/100/0000275/2017;;3;400.89;460.80
RwZ;06/21/200/0000367/2017;2017-02-02;110-Serwis - blacharnia lakiernia;Zl 06/11/110/0000016/2017;;1;77.00;99.00
RwZ;06/21/200/0000368/2017;2017-02-02;100-Serwis mechaniczny;Zl 06/11/100/0000276/2017;;10;519.17;1054.72
RwZ;06/21/200/0000369/2017;2017-02-02;100-Serwis mechaniczny;Zl 06/11/100/0000270/2017;;1;4.43;12.85
RwZ;06/21/200/0000370/2017;2017-02-02;100-Serwis mechaniczny;Zl 06/11/100/0000276/2017;;1;321.04;477.09
RwZ;06/21/200/0000371/2017;2017-02-02;100-Serwis mechaniczny;Zl 06/11/100/0000277/2017;;10;387.27;739.56
RwZ;06/21/200/0000372/2017;2017-02-02;100-Serwis mechaniczny;Zl 06/11/100/0000277/2017;;1;2.28;9.81
RwZ;06/21/200/0000373/2017;2017-02-03;100-Serwis mechaniczny;Zl 06/11/100/0000260/2017;;2;97.70;152.00
RwZ;06/21/200/0000374/2017;2017-02-03;100-Serwis mechaniczny;Zl 06/11/100/0000278/2017;;10;341.97;712.92
RwZ;06/21/200/0000375/2017;2017-02-03;100-Serwis mechaniczny;Zl 06/11/100/0000279/2017;;3;391.68;460.80
RwZ;06/21/200/0000376/2017;2017-02-03;100-Serwis mechaniczny;Zl 06/11/100/0000282/2017;;2;353.57;415.96
RwZ;06/21/200/0000377/2017;2017-02-03;100-Serwis mechaniczny;Zl 06/11/100/0000278/2017;;4;1411.31;2100.93
RwZ;06/21/200/0000378/2017;2017-02-03;100-Serwis mechaniczny;Zl 06/11/100/0000278/2017;;2;15.20;19.27
RwZ;06/21/200/0000379/2017;2017-02-03;100-Serwis mechaniczny;Zl 06/11/100/0000281/2017;;10;418.36;840.08
RwZ;06/21/200/0000380/2017;2017-02-03;100-Serwis mechaniczny;Zl 06/11/100/0000281/2017;;1;4.43;12.85
RwZ;06/21/200/0000381/2017;2017-02-03;100-Serwis mechaniczny;Zl 06/11/100/0000282/2017;;2;70.87;128.87
RwZ;06/21/200/0000382/2017;2017-02-03;100-Serwis mechaniczny;Zl 06/11/100/0000281/2017;;1;476.68;711.46
RwZ;06/21/200/0000383/2017;2017-02-03;100-Serwis mechaniczny;Zl 06/11/100/0000283/2017;;3;391.68;460.80
RwZ;06/21/200/0000384/2017;2017-02-03;100-Serwis mechaniczny;Zl 06/11/100/0000281/2017;;3;104.64;180.41
RwZ;06/21/200/0000385/2017;2017-02-03;100-Serwis mechaniczny;Zl 06/11/100/0000281/2017;;1;13.43;25.86
RwZ;06/21/200/0000386/2017;2017-02-03;100-Serwis mechaniczny;Zl 06/11/100/0000273/2017;;2;353.57;415.96
RwZ;06/21/200/0000387/2017;2017-02-03;100-Serwis mechaniczny;Zl 06/11/100/0000286/2017;;11;457.90;861.34
RwZ;06/21/200/0000388/2017;2017-02-03;100-Serwis mechaniczny;Zl 06/11/100/0000280/2017;;1;1076.08;1397.51
RwZ;06/21/200/0000389/2017;2017-02-03;100-Serwis mechaniczny;Zl 06/11/100/0000280/2017;;1;2.28;9.81
RwZ;06/21/200/0000390/2017;2017-02-03;100-Serwis mechaniczny;Zl 06/11/100/0000288/2017;;1;12.80;22.85
RwZ;06/21/200/0000391/2017;2017-02-03;100-Serwis mechaniczny;Zl 06/11/100/0000290/2017;;2;74.63;128.67
RwZ;06/21/200/0000392/2017;2017-02-04;100-Serwis mechaniczny;Zl 06/11/100/0000291/2017;;5;121.74;335.34
RwZ;06/21/200/0000393/2017;2017-02-04;100-Serwis mechaniczny;Zl 06/11/100/0000292/2017;;6;176.50;435.62
RwZ;06/21/200/0000394/2017;2017-02-06;100-Serwis mechaniczny;Zl 06/11/100/0000294/2017;;2;25.97;43.53
RwZ;06/21/200/0000395/2017;2017-02-06;100-Serwis mechaniczny;Zl 06/11/100/0000295/2017;;11;377.48;756.28
RwZ;06/21/200/0000396/2017;2017-02-06;100-Serwis mechaniczny;Zl 06/11/100/0000294/2017;;2;77.58;133.98
RwZ;06/21/200/0000397/2017;2017-02-06;100-Serwis mechaniczny;Zl 06/11/100/0000299/2017;;11;454.26;883.44
RwZ;06/21/200/0000398/2017;2017-02-06;100-Serwis mechaniczny;Zl 06/11/100/0000295/2017;;1;13.43;25.86
RwZ;06/21/200/0000399/2017;2017-02-06;100-Serwis mechaniczny;Zl 06/11/100/0000297/2017;;9;180.44;427.90
RwZ;06/21/200/0000400/2017;2017-02-06;100-Serwis mechaniczny;Zl 06/11/100/0000299/2017;;1;165.87;246.42
RwZ;06/21/200/0000401/2017;2017-02-06;100-Serwis mechaniczny;Zl 06/11/100/0000300/2017;;8;164.94;410.68
RwZ;06/21/200/0000402/2017;2017-02-06;100-Serwis mechaniczny;Zl 06/11/100/0000300/2017;;2;353.57;415.96
RwZ;06/21/200/0000403/2017;2017-02-06;100-Serwis mechaniczny;Zl 06/11/100/0000299/2017;;1;476.68;711.46
RwZ;06/21/200/0000404/2017;2017-02-06;100-Serwis mechaniczny;Zl 06/11/100/0000285/2017;;2;353.57;415.96
RwZ;06/21/200/0000405/2017;2017-02-06;100-Serwis mechaniczny;Zl 06/11/100/0000301/2017;;7;177.31;435.61
RwZ;06/21/200/0000406/2017;2017-02-06;100-Serwis mechaniczny;Zl 06/11/100/0000224/2017;;1;289.65;407.96
RwZ;06/21/200/0000407/2017;2017-02-06;100-Serwis mechaniczny;Zl 06/11/100/0000293/2017;;1;14.58;14.97
RwZ;06/21/200/0000408/2017;2017-02-06;100-Serwis mechaniczny;Zl 06/11/100/0000284/2017;;1;1872.64;4928.00
RwZ;06/21/200/0000409/2017;2017-02-06;100-Serwis mechaniczny;Zl 06/11/100/0000284/2017;;1;14.58;14.97

Dealer Management System wer.4.14.554.0 Sporz¹dzi³: Administrator aplikacji 2017-06-27 12:57:34;;;;;strona 1 / 5;;;
OTH-405 Zestawienie dokumentów magazynowych za okres od 2017-02-01 do 2017-02-28Oddzia³ (06) 210-LEXUS WARSZAWA-PULAWSKA (210), Dzia³ (21) 210 MAGAZYN LEXUSPodsumowania po dokumentach w³asnychWybrano dokumenty z fakturami/specyfikacjami sprzeda¿y i bez faktur/specyfikacji sprzeda¿y;;;;;;;;
Symb.dok.;Nr dokumentu;z dnia;Komórka organizacyjnaKontrahent;Nr dokumentuzakupowego/sprzeda¿y/zlecenia;;Iloœæpozycji;Wart. wgcen zak.;Wart. wgcen sprz.
RwZ;06/21/200/0000410/2017;2017-02-07;100-Serwis mechaniczny;Zl 06/11/100/0000222/2017;;1;221.69;280.62
RwZ;06/21/200/0000411/2017;2017-02-07;100-Serwis mechaniczny;Zl 06/11/100/0000222/2017;;1;211.51;267.74
RwZ;06/21/200/0000412/2017;2017-02-07;100-Serwis mechaniczny;Zl 06/11/100/0000310/2017;;1;794.45;1031.75
RwZ;06/21/200/0000413/2017;2017-02-07;100-Serwis mechaniczny;Zl 06/11/100/0000282/2017;;1;38.11;44.84
RwZ;06/21/200/0000414/2017;2017-02-07;100-Serwis mechaniczny;Zl 06/11/100/0000312/2017;;4;5045.79;7551.86
RwZ;06/21/200/0000415/2017;2017-02-07;100-Serwis mechaniczny;Zl 06/11/100/0000307/2017;;3;184.06;214.38
RwZ;06/21/200/0000416/2017;2017-02-07;100-Serwis mechaniczny;Zl 06/11/100/0000311/2017;;1;13.43;25.86
RwZ;06/21/200/0000417/2017;2017-02-07;100-Serwis mechaniczny;Zl 06/11/100/0000313/2017;;14;447.21;893.31
RwZ;06/21/200/0000418/2017;2017-02-07;110-Serwis - blacharnia lakiernia;Zl 06/11/110/0000010/2017;;32;7947.74;10698.81
RwZ;06/21/200/0000419/2017;2017-02-07;100-Serwis mechaniczny;Zl 06/11/100/0000317/2017;;1;182.90;339.32
RwZ;06/21/200/0000420/2017;2017-02-07;100-Serwis mechaniczny;Zl 06/11/100/0000307/2017;;7;288.42;677.40
RwZ;06/21/200/0000421/2017;2017-02-07;100-Serwis mechaniczny;Zl 06/11/100/0000307/2017;;1;249.15;439.40
RwZ;06/21/200/0000422/2017;2017-02-07;100-Serwis mechaniczny;Zl 06/11/100/0000309/2017;;2;302.96;380.01
RwZ;06/21/200/0000423/2017;2017-02-07;100-Serwis mechaniczny;Zl 06/11/100/0000318/2017;;2;72.93;132.74
RwZ;06/21/200/0000424/2017;2017-02-07;100-Serwis mechaniczny;Zl 06/11/100/0000318/2017;;1;16.54;57.85
RwZ;06/21/200/0000425/2017;2017-02-08;100-Serwis mechaniczny;Zl 06/11/100/0000307/2017;;2;74.75;128.87
RwZ;06/21/200/0000426/2017;2017-02-08;100-Serwis mechaniczny;Zl 06/11/100/0000319/2017;;7;203.56;528.17
RwZ;06/21/200/0000427/2017;2017-02-08;100-Serwis mechaniczny;Zl 06/11/100/0000319/2017;;6;1471.49;2207.31
RwZ;06/21/200/0000428/2017;2017-02-08;100-Serwis mechaniczny;Zl 06/11/100/0000320/2017;;10;445.89;888.98
RwZ;06/21/200/0000429/2017;2017-02-08;100-Serwis mechaniczny;Zl 06/11/100/0000322/2017;;3;400.89;460.80
RwZ;06/21/200/0000430/2017;2017-02-08;100-Serwis mechaniczny;Zl 06/11/100/0000323/2017;;7;290.07;683.19
RwZ;06/21/200/0000431/2017;2017-02-08;100-Serwis mechaniczny;Zl 06/11/100/0000320/2017;;1;165.38;222.32
RwZ;06/21/200/0000432/2017;2017-02-08;100-Serwis mechaniczny;Zl 06/11/100/0000319/2017;;1;42.94;74.03
RwZ;06/21/200/0000433/2017;2017-02-08;100-Serwis mechaniczny;Zl 06/11/100/0000320/2017;;1;43.48;74.97
RwZ;06/21/200/0000434/2017;2017-02-08;100-Serwis mechaniczny;Zl 06/11/100/0000324/2017;;10;411.90;809.16
RwZ;06/21/200/0000435/2017;2017-02-08;100-Serwis mechaniczny;Zl 06/11/100/0000321/2017;;3;103.71;315.43
RwZ;06/21/200/0000436/2017;2017-02-08;100-Serwis mechaniczny;Zl 06/11/100/0000324/2017;;2;304.59;458.95
RwZ;06/21/200/0000437/2017;2017-02-08;100-Serwis mechaniczny;Zl 06/11/100/0000322/2017;;3;100.40;303.86
RwZ;06/21/200/0000438/2017;2017-02-08;100-Serwis mechaniczny;Zl 06/11/100/0000322/2017;;1;2.43;3.42
RwZ;06/21/200/0000439/2017;2017-02-09;100-Serwis mechaniczny;Zl 06/11/100/0000314/2017;;1;1872.64;4928.00
RwZ;06/21/200/0000440/2017;2017-02-09;100-Serwis mechaniczny;Zl 06/11/100/0000314/2017;;1;14.58;14.97
RwZ;06/21/200/0000441/2017;2017-02-09;100-Serwis mechaniczny;Zl 06/11/100/0000316/2017;;1;1872.64;4928.00
RwZ;06/21/200/0000442/2017;2017-02-09;100-Serwis mechaniczny;Zl 06/11/100/0000329/2017;;7;259.14;577.06
RwZ;06/21/200/0000443/2017;2017-02-09;100-Serwis mechaniczny;Zl 06/11/100/0000328/2017;;9;269.87;642.49
RwZ;06/21/200/0000444/2017;2017-02-09;100-Serwis mechaniczny;Zl 06/11/100/0000327/2017;;7;259.14;577.06
RwZ;06/21/200/0000445/2017;2017-02-09;100-Serwis mechaniczny;Zl 06/11/100/0000332/2017;;6;246.03;381.58
RwZ;06/21/200/0000446/2017;2017-02-09;100-Serwis mechaniczny;Zl 06/11/100/0000327/2017;;1;2.28;9.81
RwZ;06/21/200/0000447/2017;2017-02-09;100-Serwis mechaniczny;Zl 06/11/100/0000326/2017;;2;353.57;415.96
RwZ;06/21/200/0000448/2017;2017-02-09;100-Serwis mechaniczny;Zl 06/11/100/0000308/2017;;2;165.10;220.14
RwZ;06/21/200/0000449/2017;2017-02-09;100-Serwis mechaniczny;Zl 06/11/100/0000333/2017;;4;143.32;383.71
RwZ;06/21/200/0000450/2017;2017-02-09;100-Serwis mechaniczny;Zl 06/11/100/0000338/2017;;1;36.19;67.52
RwZ;06/21/200/0000451/2017;2017-02-09;100-Serwis mechaniczny;Zl 06/11/100/0000332/2017;;1;2.28;9.81
RwZ;06/21/200/0000452/2017;2017-02-09;100-Serwis mechaniczny;Zl 06/11/100/0000336/2017;;1;7.29;7.49
RwZ;06/21/200/0000453/2017;2017-02-09;100-Serwis mechaniczny;Zl 06/11/100/0000338/2017;;1;2.12;9.70
RwZ;06/21/200/0000454/2017;2017-02-09;100-Serwis mechaniczny;Zl 06/11/100/0000316/2017;;1;7.29;7.49
RwZ;06/21/200/0000455/2017;2017-02-09;110-Serwis - blacharnia lakiernia;Zl 06/11/110/0000024/2017;;4;1551.48;2068.63
RwZ;06/21/200/0000456/2017;2017-02-09;100-Serwis mechaniczny;Zl 06/11/100/0000334/2017;;7;281.21;567.17
RwZ;06/21/200/0000457/2017;2017-02-09;100-Serwis mechaniczny;Zl 06/11/100/0000333/2017;;1;205.05;259.56
RwZ;06/21/200/0000458/2017;2017-02-09;100-Serwis mechaniczny;Zl 06/11/100/0000334/2017;;2;74.63;128.67
RwZ;06/21/200/0000459/2017;2017-02-09;100-Serwis mechaniczny;Zl 06/11/100/0000337/2017;;1;1872.64;4928.00
RwZ;06/21/200/0000460/2017;2017-02-09;100-Serwis mechaniczny;Zl 06/11/100/0000341/2017;;1;1872.64;4928.00
RwZ;06/21/200/0000461/2017;2017-02-09;100-Serwis mechaniczny;Zl 06/11/100/0000341/2017;;1;13.43;25.86
RwZ;06/21/200/0000462/2017;2017-02-09;100-Serwis mechaniczny;Zl 06/11/100/0000337/2017;;1;14.58;14.97
RwZ;06/21/200/0000463/2017;2017-02-09;100-Serwis mechaniczny;Zl 06/11/100/0000340/2017;;1;7.29;7.49
RwZ;06/21/200/0000464/2017;2017-02-10;100-Serwis mechaniczny;Zl 06/11/100/0000342/2017;;5;450.75;554.18
RwZ;06/21/200/0000465/2017;2017-02-10;100-Serwis mechaniczny;Zl 06/11/100/0000340/2017;;2;212.34;267.05
RwZ;06/21/200/0000466/2017;2017-02-10;100-Serwis mechaniczny;Zl 06/11/100/0000345/2017;;7;193.66;458.62
RwZ;06/21/200/0000467/2017;2017-02-10;100-Serwis mechaniczny;Zl 06/11/100/0000345/2017;;1;2.28;9.81
RwZ;06/21/200/0000468/2017;2017-02-10;100-Serwis mechaniczny;Zl 06/11/100/0000342/2017;;1;211.51;267.74
RwZ;06/21/200/0000469/2017;2017-02-10;100-Serwis mechaniczny;Zl 06/11/100/0000304/2017;;1;7.29;7.49
RwZ;06/21/200/0000470/2017;2017-02-10;100-Serwis mechaniczny;Zl 06/11/100/0000346/2017;;1;1872.64;4928.00
RwZ;06/21/200/0000471/2017;2017-02-10;100-Serwis mechaniczny;Zl 06/11/100/0000344/2017;;1;1596.21;2073.00
RwZ;06/21/200/0000472/2017;2017-02-10;100-Serwis mechaniczny;Zl 06/11/100/0000344/2017;;1;27.15;31.21
RwZ;06/21/200/0000473/2017;2017-02-10;100-Serwis mechaniczny;Zl 06/11/100/0000348/2017;;8;252.97;509.42
RwZ;06/21/200/0000474/2017;2017-02-10;100-Serwis mechaniczny;Zl 06/11/100/0000349/2017;;10;596.59;933.62
RwZ;06/21/200/0000475/2017;2017-02-10;100-Serwis mechaniczny;Zl 06/11/100/0000349/2017;;1;4.43;12.85
RwZ;06/21/200/0000476/2017;2017-02-10;100-Serwis mechaniczny;Zl 06/11/100/0000344/2017;;1;4.24;19.40
RwZ;06/21/200/0000477/2017;2017-02-10;100-Serwis mechaniczny;Zl 06/11/100/0000349/2017;;1;2.43;3.42
RwZ;06/21/200/0000478/2017;2017-02-11;100-Serwis mechaniczny;Zl 06/11/100/0000352/2017;;3;391.68;460.80
RwZ;06/21/200/0000479/2017;2017-02-11;100-Serwis mechaniczny;Zl 06/11/100/0000351/2017;;7;191.19;454.02
RwZ;06/21/200/0000480/2017;2017-02-13;100-Serwis mechaniczny;Zl 06/11/100/0000347/2017;;2;1879.93;4935.48
RwZ;06/21/200/0000481/2017;2017-02-13;100-Serwis mechaniczny;Zl 06/11/100/0000302/2017;;8;136.47;205.01
RwZ;06/21/200/0000482/2017;2017-02-13;100-Serwis mechaniczny;Zl 06/11/100/0000358/2017;;8;490.72;1017.68
RwZ;06/21/200/0000483/2017;2017-02-13;100-Serwis mechaniczny;Zl 06/11/100/0000359/2017;;11;322.97;725.15
RwZ;06/21/200/0000484/2017;2017-02-13;100-Serwis mechaniczny;Zl 06/11/100/0000359/2017;;1;87.86;109.82
RwZ;06/21/200/0000485/2017;2017-02-13;100-Serwis mechaniczny;Zl 06/11/100/0000359/2017;;2;395.44;657.74
RwZ;06/21/200/0000486/2017;2017-02-13;100-Serwis mechaniczny;Zl 06/11/100/0000357/2017;;3;391.68;460.80
RwZ;06/21/200/0000487/2017;2017-02-13;100-Serwis mechaniczny;Zl 06/11/100/0000359/2017;;1;17.16;23.00

Dealer Management System wer.4.14.554.0 Sporz¹dzi³: Administrator aplikacji 2017-06-27 12:57:34;;;;;strona 2 / 5;;;
OTH-405 Zestawienie dokumentów magazynowych za okres od 2017-02-01 do 2017-02-28Oddzia³ (06) 210-LEXUS WARSZAWA-PULAWSKA (210), Dzia³ (21) 210 MAGAZYN LEXUSPodsumowania po dokumentach w³asnychWybrano dokumenty z fakturami/specyfikacjami sprzeda¿y i bez faktur/specyfikacji sprzeda¿y;;;;;;;;
Symb.dok.;Nr dokumentu;z dnia;Komórka organizacyjnaKontrahent;Nr dokumentuzakupowego/sprzeda¿y/zlecenia;;Iloœæpozycji;Wart. wgcen zak.;Wart. wgcen sprz.
RwZ;06/21/200/0000488/2017;2017-02-13;100-Serwis mechaniczny;Zl 06/11/100/0000361/2017;;2;733.44;1146.00
RwZ;06/21/200/0000489/2017;2017-02-13;100-Serwis mechaniczny;Zl 06/11/100/0000358/2017;;1;27.64;37.05
RwZ;06/21/200/0000490/2017;2017-02-13;100-Serwis mechaniczny;Zl 06/11/100/0000354/2017;;1;7.29;7.49
RwZ;06/21/200/0000491/2017;2017-02-13;100-Serwis mechaniczny;Zl 06/11/100/0000360/2017;;11;512.16;874.57
RwZ;06/21/200/0000492/2017;2017-02-13;100-Serwis mechaniczny;Zl 06/11/100/0000371/2017;;2;164.32;220.14
RwZ;06/21/200/0000493/2017;2017-02-13;100-Serwis mechaniczny;Zl 06/11/100/0000360/2017;;1;18.20;31.76
RwZ;06/21/200/0000494/2017;2017-02-13;100-Serwis mechaniczny;Zl 06/11/100/0000358/2017;;1;4.24;19.40
RwZ;06/21/200/0000495/2017;2017-02-13;100-Serwis mechaniczny;Zl 06/11/100/0000360/2017;;1;9.10;15.88
RwZ;06/21/200/0000496/2017;2017-02-14;100-Serwis mechaniczny;Zl 06/11/100/0000366/2017;;1;14.58;14.97
RwZ;06/21/200/0000497/2017;2017-02-14;100-Serwis mechaniczny;Zl 06/11/100/0000367/2017;;1;7.29;7.49
RwZ;06/21/200/0000498/2017;2017-02-14;100-Serwis mechaniczny;Zl 06/11/100/0000361/2017;;3;1735.80;4387.48
RwZ;06/21/200/0000499/2017;2017-02-14;100-Serwis mechaniczny;Zl 06/11/100/0000355/2017;;1;14.58;14.97
RwZ;06/21/200/0000500/2017;2017-02-14;100-Serwis mechaniczny;Zl 06/11/100/0000376/2017;;2;74.63;128.67
RwZ;06/21/200/0000501/2017;2017-02-14;100-Serwis mechaniczny;Zl 06/11/100/0000360/2017;;1;25.31;43.64
RwZ;06/21/200/0000502/2017;2017-02-14;100-Serwis mechaniczny;Zl 06/11/100/0000362/2017;;1;14.58;14.97
RwZ;06/21/200/0000503/2017;2017-02-14;100-Serwis mechaniczny;Zl 06/11/100/0000363/2017;;1;7.29;7.49
RwZ;06/21/200/0000504/2017;2017-02-14;100-Serwis mechaniczny;Zl 06/11/100/0000360/2017;;1;34.71;57.85
RwZ;06/21/200/0000505/2017;2017-02-14;100-Serwis mechaniczny;Zl 06/11/100/0000375/2017;;7;258.17;716.58
RwZ;06/21/200/0000506/2017;2017-02-14;100-Serwis mechaniczny;Zl 06/11/100/0000377/2017;;7;263.10;596.69
RwZ;06/21/200/0000507/2017;2017-02-14;100-Serwis mechaniczny;Zl 06/11/100/0000374/2017;;1;121.90;163.56
RwZ;06/21/200/0000508/2017;2017-02-14;100-Serwis mechaniczny;Zl 06/11/100/0000361/2017;;1;1601.04;3812.00
RwZ;06/21/200/0000509/2017;2017-02-14;100-Serwis mechaniczny;Zl 06/11/100/0000378/2017;;2;353.57;415.96
RwZ;06/21/200/0000510/2017;2017-02-14;100-Serwis mechaniczny;Zl 06/11/100/0000364/2017;;1;14.58;14.97
RwZ;06/21/200/0000511/2017;2017-02-14;100-Serwis mechaniczny;Zl 06/11/100/0000368/2017;;1;14.58;14.97
RwZ;06/21/200/0000512/2017;2017-02-14;110-Serwis - blacharnia lakiernia;Zl 06/11/110/0000022/2017;;1;12.50;17.60
RwZ;06/21/200/0000513/2017;2017-02-15;100-Serwis mechaniczny;Zl 06/11/100/0000370/2017;;1;7.29;7.49
RwZ;06/21/200/0000514/2017;2017-02-15;100-Serwis mechaniczny;Zl 06/11/100/0000365/2017;;1;14.58;14.97
RwZ;06/21/200/0000515/2017;2017-02-15;100-Serwis mechaniczny;Zl 06/11/100/0000379/2017;;3;391.68;460.80
RwZ;06/21/200/0000516/2017;2017-02-15;100-Serwis mechaniczny;Zl 06/11/100/0000380/2017;;11;285.44;587.67
RwZ;06/21/200/0000517/2017;2017-02-15;100-Serwis mechaniczny;Zl 06/11/100/0000381/2017;;2;353.57;415.96
RwZ;06/21/200/0000518/2017;2017-02-15;100-Serwis mechaniczny;Zl 06/11/100/0000379/2017;;1;16.88;23.13
RwZ;06/21/200/0000519/2017;2017-02-15;100-Serwis mechaniczny;Zl 06/11/100/0000383/2017;;4;237.20;545.59
RwZ;06/21/200/0000520/2017;2017-02-15;100-Serwis mechaniczny;Zl 06/11/100/0000284/2017;;2;845.83;1215.57
RwZ;06/21/200/0000521/2017;2017-02-15;100-Serwis mechaniczny;Zl 06/11/100/0000384/2017;;4;237.20;545.59
RwZ;06/21/200/0000522/2017;2017-02-15;110-Serwis - blacharnia lakiernia;Zl 06/11/110/0000026/2017;;1;78.47;99.00
RwZ;06/21/200/0000523/2017;2017-02-16;100-Serwis mechaniczny;Zl 06/11/100/0000356/2017;;1;14.58;14.97
RwZ;06/21/200/0000524/2017;2017-02-16;100-Serwis mechaniczny;Zl 06/11/100/0000350/2017;;1;6.72;12.93
RwZ;06/21/200/0000525/2017;2017-02-16;100-Serwis mechaniczny;Zl 06/11/100/0000388/2017;;3;391.68;460.80
RwZ;06/21/200/0000526/2017;2017-02-16;100-Serwis mechaniczny;Zl 06/11/100/0000387/2017;;2;7693.62;9046.39
RwZ;06/21/200/0000527/2017;2017-02-16;100-Serwis mechaniczny;Zl 06/11/100/0000388/2017;;2;70.87;128.87
RwZ;06/21/200/0000528/2017;2017-02-16;100-Serwis mechaniczny;Zl 06/11/100/0000353/2017;;1;20.04;26.72
RwZ;06/21/200/0000529/2017;2017-02-16;110-Serwis - blacharnia lakiernia;Zl 06/11/110/0000029/2017;;1;919.25;1259.25
RwZ;06/21/200/0000530/2017;2017-02-16;100-Serwis mechaniczny;Zl 06/11/100/0000382/2017;;3;958.83;1213.70
RwZ;06/21/200/0000531/2017;2017-02-16;110-Serwis - blacharnia lakiernia;Zl 06/11/110/0000027/2017;;1;78.47;99.00
RwZ;06/21/200/0000532/2017;2017-02-16;100-Serwis mechaniczny;Zl 06/11/100/0000389/2017;;3;622.67;792.61
RwZ;06/21/200/0000533/2017;2017-02-16;100-Serwis mechaniczny;Zl 06/11/100/0000389/2017;;1;13.43;25.86
RwZ;06/21/200/0000534/2017;2017-02-16;100-Serwis mechaniczny;Zl 06/11/100/0000385/2017;;1;6.72;12.93
RwZ;06/21/200/0000535/2017;2017-02-17;100-Serwis mechaniczny;Zl 06/11/100/0000390/2017;;7;254.80;577.76
RwZ;06/21/200/0000536/2017;2017-02-17;100-Serwis mechaniczny;Zl 06/11/100/0000391/2017;;5;182.00;272.72
RwZ;06/21/200/0000537/2017;2017-02-17;100-Serwis mechaniczny;Zl 06/11/100/0000391/2017;;1;72.78;254.54
RwZ;06/21/200/0000538/2017;2017-02-17;100-Serwis mechaniczny;Zl 06/11/100/0000391/2017;;2;74.75;128.87
RwZ;06/21/200/0000539/2017;2017-02-17;100-Serwis mechaniczny;Zl 06/11/100/0000393/2017;;8;367.40;717.90
RwZ;06/21/200/0000540/2017;2017-02-17;110-Serwis - blacharnia lakiernia;Zl 06/11/110/0000210/2016;;1;1711.03;2281.37
RwZ;06/21/200/0000541/2017;2017-02-17;100-Serwis mechaniczny;Zl 06/11/100/0000392/2017;;1;27.64;37.05
RwZ;06/21/200/0000542/2017;2017-02-17;100-Serwis mechaniczny;Zl 06/11/100/0000394/2017;;8;280.59;603.98
RwZ;06/21/200/0000543/2017;2017-02-17;100-Serwis mechaniczny;Zl 06/11/100/0000394/2017;;2;10.65;19.97
RwZ;06/21/200/0000544/2017;2017-02-17;100-Serwis mechaniczny;Zl 06/11/100/0000395/2017;;7;166.09;465.16
RwZ;06/21/200/0000545/2017;2017-02-18;100-Serwis mechaniczny;Zl 06/11/100/0000397/2017;;3;391.68;460.80
RwZ;06/21/200/0000546/2017;2017-02-18;110-Serwis - blacharnia lakiernia;Zl 06/11/110/0000029/2017;;2;30.08;41.56
RwZ;06/21/200/0000547/2017;2017-02-18;110-Serwis - blacharnia lakiernia;Zl 06/11/110/0000027/2017;;3;55.80;74.72
RwZ;06/21/200/0000548/2017;2017-02-20;110-Serwis - blacharnia lakiernia;Zl 06/11/110/0000029/2017;;1;100.00;135.00
RwZ;06/21/200/0000549/2017;2017-02-20;100-Serwis mechaniczny;Zl 06/11/100/0000398/2017;;5;276.05;606.39
RwZ;06/21/200/0000550/2017;2017-02-20;100-Serwis mechaniczny;Zl 06/11/100/0000401/2017;;8;257.08;587.57
RwZ;06/21/200/0000551/2017;2017-02-20;100-Serwis mechaniczny;Zl 06/11/100/0000401/2017;;1;23.20;40.00
RwZ;06/21/200/0000552/2017;2017-02-20;100-Serwis mechaniczny;Zl 06/11/100/0000400/2017;;11;500.14;902.41
RwZ;06/21/200/0000553/2017;2017-02-20;100-Serwis mechaniczny;Zl 06/11/100/0000399/2017;;5;120.34;333.92
RwZ;06/21/200/0000554/2017;2017-02-20;100-Serwis mechaniczny;Zl 06/11/100/0000396/2017;;3;367.76;490.99
RwZ;06/21/200/0000555/2017;2017-02-20;100-Serwis mechaniczny;Zl 06/11/100/0000398/2017;;1;146.29;218.34
RwZ;06/21/200/0000556/2017;2017-02-20;100-Serwis mechaniczny;Zl 06/11/100/0000396/2017;;1;27.64;37.05
RwZ;06/21/200/0000557/2017;2017-02-20;100-Serwis mechaniczny;Zl 06/11/100/0000400/2017;;5;1312.58;1963.30
RwZ;06/21/200/0000558/2017;2017-02-21;100-Serwis mechaniczny;Zl 06/11/100/0000192/2017;;9;5593.48;6943.70
RwZ;06/21/200/0000559/2017;2017-02-21;100-Serwis mechaniczny;Zl 06/11/100/0000404/2017;;1;1872.64;4928.00
RwZ;06/21/200/0000560/2017;2017-02-21;100-Serwis mechaniczny;Zl 06/11/100/0000406/2017;;7;272.98;637.98
RwZ;06/21/200/0000561/2017;2017-02-21;110-Serwis - blacharnia lakiernia;Zl 06/11/110/0000031/2017;;6;1630.99;2269.44
RwZ;06/21/200/0000562/2017;2017-02-21;100-Serwis mechaniczny;Zl 06/11/100/0000385/2017;;1;681.12;1584.00
RwZ;06/21/200/0000563/2017;2017-02-21;100-Serwis mechaniczny;Zl 06/11/100/0000404/2017;;1;6.72;12.93
RwZ;06/21/200/0000564/2017;2017-02-21;100-Serwis mechaniczny;Zl 06/11/100/0000399/2017;;2;353.57;415.96
RwZ;06/21/200/0000565/2017;2017-02-21;100-Serwis mechaniczny;Zl 06/11/100/0000410/2017;;2;1097.48;1291.15

Dealer Management System wer.4.14.554.0 Sporz¹dzi³: Administrator aplikacji 2017-06-27 12:57:34;;;;;strona 3 / 5;;;
OTH-405 Zestawienie dokumentów magazynowych za okres od 2017-02-01 do 2017-02-28Oddzia³ (06) 210-LEXUS WARSZAWA-PULAWSKA (210), Dzia³ (21) 210 MAGAZYN LEXUSPodsumowania po dokumentach w³asnychWybrano dokumenty z fakturami/specyfikacjami sprzeda¿y i bez faktur/specyfikacji sprzeda¿y;;;;;;;;
Symb.dok.;Nr dokumentu;z dnia;Komórka organizacyjnaKontrahent;Nr dokumentuzakupowego/sprzeda¿y/zlecenia;;Iloœæpozycji;Wart. wgcen zak.;Wart. wgcen sprz.
RwZ;06/21/200/0000566/2017;2017-02-21;100-Serwis mechaniczny;Zl 06/11/100/0000410/2017;;2;110.76;139.50
RwZ;06/21/200/0000567/2017;2017-02-21;100-Serwis mechaniczny;Zl 06/11/100/0000410/2017;;1;27.64;37.05
RwZ;06/21/200/0000568/2017;2017-02-21;100-Serwis mechaniczny;Zl 06/11/100/0000192/2017;;3;309.31;402.19
RwZ;06/21/200/0000569/2017;2017-02-21;100-Serwis mechaniczny;Zl 06/11/100/0000264/2017;;2;1818.69;2557.50
RwZ;06/21/200/0000570/2017;2017-02-21;100-Serwis mechaniczny;Zl 06/11/100/0000264/2017;;1;22.04;38.00
RwZ;06/21/200/0000571/2017;2017-02-21;100-Serwis mechaniczny;Zl 06/11/100/0000399/2017;;1;65.67;98.02
RwZ;06/21/200/0000572/2017;2017-02-21;100-Serwis mechaniczny;Zl 06/11/100/0000399/2017;;1;203.01;270.68
RwZ;06/21/200/0000573/2017;2017-02-21;100-Serwis mechaniczny;Zl 06/11/100/0000410/2017;;2;69.40;119.65
RwZ;06/21/200/0000574/2017;2017-02-21;100-Serwis mechaniczny;Zl 06/11/100/0000411/2017;;4;140.01;372.14
RwZ;06/21/200/0000575/2017;2017-02-21;100-Serwis mechaniczny;Zl 06/11/100/0000412/2017;;1;6.72;12.93
RwZ;06/21/200/0000576/2017;2017-02-22;100-Serwis mechaniczny;Zl 06/11/100/0000414/2017;;1;41.93;62.58
RwZ;06/21/200/0000577/2017;2017-02-22;100-Serwis mechaniczny;Zl 06/11/100/0000385/2017;;1;252.12;344.72
RwZ;06/21/200/0000578/2017;2017-02-22;100-Serwis mechaniczny;Zl 06/11/100/0000385/2017;;1;211.51;267.74
RwZ;06/21/200/0000579/2017;2017-02-22;100-Serwis mechaniczny;Zl 06/11/100/0000416/2017;;12;483.25;966.41
RwZ;06/21/200/0000580/2017;2017-02-22;100-Serwis mechaniczny;Zl 06/11/100/0000417/2017;;2;130.24;167.85
RwZ;06/21/200/0000581/2017;2017-02-22;100-Serwis mechaniczny;Zl 06/11/100/0000417/2017;;1;233.10;305.70
RwZ;06/21/200/0000582/2017;2017-02-22;100-Serwis mechaniczny;Zl 06/11/100/0000416/2017;;4;802.22;1279.73
RwZ;06/21/200/0000583/2017;2017-02-22;100-Serwis mechaniczny;Zl 06/11/100/0000284/2017;;3;2400.17;2653.87
RwZ;06/21/200/0000584/2017;2017-02-22;100-Serwis mechaniczny;Zl 06/11/100/0000413/2017;;3;100.40;303.86
RwZ;06/21/200/0000585/2017;2017-02-22;100-Serwis mechaniczny;Zl 06/11/100/0000414/2017;;1;4.68;5.20
RwZ;06/21/200/0000586/2017;2017-02-22;100-Serwis mechaniczny;Zl 06/11/100/0000192/2017;;1;57.32;83.16
RwZ;06/21/200/0000587/2017;2017-02-22;100-Serwis mechaniczny;Zl 06/11/100/0000418/2017;;8;256.09;723.05
RwZ;06/21/200/0000588/2017;2017-02-22;100-Serwis mechaniczny;Zl 06/11/100/0000418/2017;;5;1080.54;1609.18
RwZ;06/21/200/0000589/2017;2017-02-22;100-Serwis mechaniczny;Zl 06/11/100/0000420/2017;;12;530.26;922.07
RwZ;06/21/200/0000590/2017;2017-02-22;100-Serwis mechaniczny;Zl 06/11/100/0000418/2017;;2;73.38;126.52
RwZ;06/21/200/0000591/2017;2017-02-23;100-Serwis mechaniczny;Zl 06/11/100/0000413/2017;;1;101.52;141.03
RwZ;06/21/200/0000592/2017;2017-02-23;100-Serwis mechaniczny;Zl 06/11/100/0000421/2017;;7;416.46;499.72
RwZ;06/21/200/0000593/2017;2017-02-23;100-Serwis mechaniczny;Zl 06/11/100/0000418/2017;;1;13.43;25.86
RwZ;06/21/200/0000594/2017;2017-02-23;100-Serwis mechaniczny;Zl 06/11/100/0000416/2017;;1;2.28;9.81
RwZ;06/21/200/0000595/2017;2017-02-23;100-Serwis mechaniczny;Zl 06/11/100/0000423/2017;;5;524.50;621.26
RwZ;06/21/200/0000596/2017;2017-02-23;100-Serwis mechaniczny;Zl 06/11/100/0000420/2017;;7;1301.44;1855.19
RwZ;06/21/200/0000597/2017;2017-02-23;100-Serwis mechaniczny;Zl 06/11/100/0000427/2017;;8;197.47;480.40
RwZ;06/21/200/0000598/2017;2017-02-23;110-Serwis - blacharnia lakiernia;Zl 06/11/110/0000036/2017;;1;8.75;12.32
RwZ;06/21/200/0000599/2017;2017-02-24;100-Serwis mechaniczny;Zl 06/11/100/0000429/2017;;1;3.36;9.85
RwZ;06/21/200/0000600/2017;2017-02-24;100-Serwis mechaniczny;Zl 06/11/100/0000429/2017;;2;137.49;260.52
RwZ;06/21/200/0000601/2017;2017-02-24;100-Serwis mechaniczny;Zl 06/11/100/0000430/2017;;7;291.40;695.90
RwZ;06/21/200/0000602/2017;2017-02-24;110-Serwis - blacharnia lakiernia;Zl 06/11/110/0000026/2017;;1;106.52;185.31
RwZ;06/21/200/0000603/2017;2017-02-24;100-Serwis mechaniczny;Zl 06/11/100/0000425/2017;;1;2.12;9.70
RwZ;06/21/200/0000604/2017;2017-02-24;100-Serwis mechaniczny;Zl 06/11/100/0000425/2017;;1;37.25;51.85
RwZ;06/21/200/0000605/2017;2017-02-24;100-Serwis mechaniczny;Zl 06/11/100/0000430/2017;;1;20.11;26.72
RwZ;06/21/200/0000606/2017;2017-02-24;100-Serwis mechaniczny;Zl 06/11/100/0000431/2017;;1;1048.13;1397.51
RwZ;06/21/200/0000607/2017;2017-02-24;100-Serwis mechaniczny;Zl 06/11/100/0000432/2017;;1;209.06;278.74
RwZ;06/21/200/0000608/2017;2017-02-24;100-Serwis mechaniczny;Zl 06/11/100/0000426/2017;;1;2761.79;3495.94
RwZ;06/21/200/0000609/2017;2017-02-24;100-Serwis mechaniczny;Zl 06/11/100/0000433/2017;;1;6.72;12.93
RwZ;06/21/200/0000610/2017;2017-02-24;100-Serwis mechaniczny;Zl 06/11/100/0000430/2017;;1;6.72;12.93
RwZ;06/21/200/0000611/2017;2017-02-25;100-Serwis mechaniczny;Zl 06/11/100/0000435/2017;;5;1111.28;1655.04
RwZ;06/21/200/0000612/2017;2017-02-25;100-Serwis mechaniczny;Zl 06/11/100/0000435/2017;;7;254.93;688.73
RwZ;06/21/200/0000613/2017;2017-02-25;100-Serwis mechaniczny;Zl 06/11/100/0000435/2017;;1;55.28;74.10
RwZ;06/21/200/0000614/2017;2017-02-27;100-Serwis mechaniczny;Zl 06/11/100/0000409/2017;;2;2768.51;3508.87
RwZ;06/21/200/0000615/2017;2017-02-27;100-Serwis mechaniczny;Zl 06/11/100/0000437/2017;;11;607.65;1168.47
RwZ;06/21/200/0000616/2017;2017-02-27;100-Serwis mechaniczny;Zl 06/11/100/0000441/2017;;3;391.68;460.80
RwZ;06/21/200/0000617/2017;2017-02-27;100-Serwis mechaniczny;Zl 06/11/100/0000426/2017;;1;1088.76;2532.00
RwZ;06/21/200/0000618/2017;2017-02-27;100-Serwis mechaniczny;Zl 06/11/100/0000443/2017;;7;187.16;459.18
RwZ;06/21/200/0000619/2017;2017-02-27;100-Serwis mechaniczny;Zl 06/11/100/0000436/2017;;7;4443.84;5903.26
RwZ;06/21/200/0000620/2017;2017-02-27;100-Serwis mechaniczny;Zl 06/11/100/0000433/2017;;2;2592.47;3281.61
RwZ;06/21/200/0000621/2017;2017-02-27;100-Serwis mechaniczny;Zl 06/11/100/0000382/2017;;1;6.72;12.93
RwZ;06/21/200/0000622/2017;2017-02-27;100-Serwis mechaniczny;Zl 06/11/100/0000409/2017;;1;387.84;606.00
RwZ;06/21/200/0000623/2017;2017-02-27;100-Serwis mechaniczny;Zl 06/11/100/0000391/2017;;1;99.26;137.90
RwZ;06/21/200/0000624/2017;2017-02-27;100-Serwis mechaniczny;Zl 06/11/100/0000436/2017;;3;182.61;589.32
RwZ;06/21/200/0000625/2017;2017-02-27;100-Serwis mechaniczny;Zl 06/11/100/0000437/2017;;2;544.14;810.07
RwZ;06/21/200/0000626/2017;2017-02-27;100-Serwis mechaniczny;Zl 06/11/100/0000409/2017;;1;252.12;344.72
RwZ;06/21/200/0000627/2017;2017-02-27;100-Serwis mechaniczny;Zl 06/11/100/0000438/2017;;8;197.29;473.05
RwZ;06/21/200/0000628/2017;2017-02-27;100-Serwis mechaniczny;Zl 06/11/100/0000438/2017;;3;639.51;886.85
RwZ;06/21/200/0000629/2017;2017-02-27;100-Serwis mechaniczny;Zl 06/11/100/0000426/2017;;1;252.12;344.72
RwZ;06/21/200/0000630/2017;2017-02-27;100-Serwis mechaniczny;Zl 06/11/100/0000439/2017;;1;6.72;12.93
RwZ;06/21/200/0000631/2017;2017-02-27;100-Serwis mechaniczny;Zl 06/11/100/0000439/2017;;2;395.72;609.56
RwZ;06/21/200/0000632/2017;2017-02-27;100-Serwis mechaniczny;Zl 06/11/100/0000437/2017;;1;223.10;332.98
RwZ;06/21/200/0000633/2017;2017-02-27;100-Serwis mechaniczny;Zl 06/11/100/0000442/2017;;3;772.80;1155.25
RwZ;06/21/200/0000634/2017;2017-02-27;100-Serwis mechaniczny;Zl 06/11/100/0000437/2017;;1;27.64;37.05
RwZ;06/21/200/0000635/2017;2017-02-27;100-Serwis mechaniczny;Zl 06/11/100/0000440/2017;;1;6.72;12.93
RwZ;06/21/200/0000636/2017;2017-02-27;100-Serwis mechaniczny;Zl 06/11/100/0000437/2017;;2;79.33;136.77
RwZ;06/21/200/0000637/2017;2017-02-28;100-Serwis mechaniczny;Zl 06/11/100/0000445/2017;;6;258.54;577.07
RwZ;06/21/200/0000638/2017;2017-02-28;100-Serwis mechaniczny;Zl 06/11/100/0000372/2017;;1;6.72;12.93
RwZ;06/21/200/0000639/2017;2017-02-28;100-Serwis mechaniczny;Zl 06/11/100/0000446/2017;;4;143.32;383.71
RwZ;06/21/200/0000640/2017;2017-02-28;100-Serwis mechaniczny;Zl 06/11/100/0000446/2017;;1;17.16;23.00
RwZ;06/21/200/0000641/2017;2017-02-28;100-Serwis mechaniczny;Zl 06/11/100/0000446/2017;;1;13.32;18.76
RwZ;06/21/200/0000642/2017;2017-02-28;100-Serwis mechaniczny;Zl 06/11/100/0000445/2017;;1;249.15;439.40
RwZ;06/21/200/0000643/2017;2017-02-28;100-Serwis mechaniczny;Zl 06/11/100/0000448/2017;;11;469.34;944.63

Dealer Management System wer.4.14.554.0 Sporz¹dzi³: Administrator aplikacji 2017-06-27 12:57:34;;;;;strona 4 / 5;;;
OTH-405 Zestawienie dokumentów magazynowych za okres od 2017-02-01 do 2017-02-28Oddzia³ (06) 210-LEXUS WARSZAWA-PULAWSKA (210), Dzia³ (21) 210 MAGAZYN LEXUSPodsumowania po dokumentach w³asnychWybrano dokumenty z fakturami/specyfikacjami sprzeda¿y i bez faktur/specyfikacji sprzeda¿y;;;;;;;;;
Symb.dok.;Nr dokumentu;z dnia;;Komórka organizacyjnaKontrahent;Nr dokumentuzakupowego/sprzeda¿y/zlecenia;;Iloœæpozycji;Wart. wgcen zak.;Wart. wgcen sprz.
RwZ;06/21/200/0000644/2017;2017-02-28;;100-Serwis mechaniczny;Zl 06/11/100/0000447/2017;;11;596.02;958.04
RwZ;06/21/200/0000645/2017;2017-02-28;;100-Serwis mechaniczny;Zl 06/11/100/0000446/2017;;1;40.93;54.86
RwZ;06/21/200/0000646/2017;2017-02-28;;100-Serwis mechaniczny;Zl 06/11/100/0000449/2017;;6;259.54;713.73
RwZ;06/21/200/0000647/2017;2017-02-28;;100-Serwis mechaniczny;Zl 06/11/100/0000442/2017;;2;1818.69;2557.50
RwZ;06/21/200/0000648/2017;2017-02-28;;100-Serwis mechaniczny;Zl 06/11/100/0000334/2017;;1;58.47;78.38
RwZ;06/21/200/0000649/2017;2017-02-28;;100-Serwis mechaniczny;Zl 06/11/100/0000369/2017;;1;6.72;12.93
RwZ;06/21/200/0000650/2017;2017-02-28;;100-Serwis mechaniczny;Zl 06/11/100/0000452/2017;;8;193.74;513.95
RwZ;06/21/200/0000651/2017;2017-02-28;;100-Serwis mechaniczny;Zl 06/11/100/0000452/2017;;8;1611.67;2380.55
RwZ;06/21/200/0000652/2017;2017-02-28;;100-Serwis mechaniczny;Zl 06/11/100/0000362/2017;;1;2500.00;3303.40
RwZ;06/21/200/0000653/2017;2017-02-28;;110-Serwis - blacharnia lakiernia;Zl 06/11/110/0000035/2017;;1;8.75;12.32
RwZ;06/21/201/0000021/2017;2017-02-01;;110-Serwis - blacharnia lakiernia;Zl 06/11/110/0000019/2017;;15;9303.82;12678.45
RwZ;06/21/201/0000022/2017;2017-02-01;;110-Serwis - blacharnia lakiernia;Zl 06/11/110/0000015/2017;;1;934.45;1316.12
RwZ;06/21/201/0000023/2017;2017-02-02;;110-Serwis - blacharnia lakiernia;Zl 06/11/110/0000015/2017;;4;633.43;844.55
RwZ;06/21/201/0000024/2017;2017-02-03;;110-Serwis - blacharnia lakiernia;Zl 06/11/110/0000015/2017;;2;797.87;1036.20
RwZ;06/21/201/0000025/2017;2017-02-03;;110-Serwis - blacharnia lakiernia;Zl 06/11/110/0000010/2017;;7;8037.42;11257.15
RwZ;06/21/201/0000026/2017;2017-02-06;;110-Serwis - blacharnia lakiernia;Zl 06/11/110/0000021/2017;;2;1437.21;1988.60
RwZ;06/21/201/0000027/2017;2017-02-06;;110-Serwis - blacharnia lakiernia;Zl 06/11/110/0000011/2017;;8;4851.90;6731.59
RwZ;06/21/201/0000028/2017;2017-02-07;;110-Serwis - blacharnia lakiernia;Zl 06/11/110/0000010/2017;;1;816.59;1060.50
RwZ;06/21/201/0000029/2017;2017-02-07;;110-Serwis - blacharnia lakiernia;Zl 06/11/110/0000021/2017;;1;426.70;568.93
RwZ;06/21/201/0000030/2017;2017-02-09;;110-Serwis - blacharnia lakiernia;Zl 06/11/110/0000023/2017;;2;1948.63;2611.65
RwZ;06/21/201/0000031/2017;2017-02-15;;110-Serwis - blacharnia lakiernia;Zl 06/11/110/0000022/2017;;15;3085.79;4116.10
RwZ;06/21/201/0000032/2017;2017-02-15;;110-Serwis - blacharnia lakiernia;Zl 06/11/110/0000026/2017;;7;1645.83;2289.22
RwZ;06/21/201/0000033/2017;2017-02-16;;110-Serwis - blacharnia lakiernia;Zl 06/11/110/0000026/2017;;2;28.06;36.44
RwZ;06/21/201/0000034/2017;2017-02-16;;110-Serwis - blacharnia lakiernia;Zl 06/11/110/0000027/2017;;7;4044.54;5536.45
RwZ;06/21/201/0000035/2017;2017-02-17;;110-Serwis - blacharnia lakiernia;Zl 06/11/110/0000029/2017;;4;1207.17;1596.19
RwZ;06/21/201/0000036/2017;2017-02-20;;110-Serwis - blacharnia lakiernia;Zl 06/11/110/0000030/2017;;10;3602.44;4935.70
RwZ;06/21/201/0000037/2017;2017-02-22;;110-Serwis - blacharnia lakiernia;Zl 06/11/110/0000035/2017;;3;1919.40;2633.70
RwZ;06/21/201/0000038/2017;2017-02-23;;110-Serwis - blacharnia lakiernia;Zl 06/11/110/0000036/2017;;1;426.00;111.95
RwZ;06/21/201/0000039/2017;2017-02-23;;110-Serwis - blacharnia lakiernia;Zl 06/11/110/0000027/2017;;1;104.40;118.85
RwZ;06/21/201/0000040/2017;2017-02-24;;110-Serwis - blacharnia lakiernia;Zl 06/11/110/0000027/2017;;1;6.43;10.15
RwZ;06/21/201/0000041/2017;2017-02-24;;110-Serwis - blacharnia lakiernia;Zl 06/11/110/0000027/2017;;4;14.53;19.91
RwZ;06/21/201/0000042/2017;2017-02-24;;110-Serwis - blacharnia lakiernia;Zl 06/11/110/0000035/2017;;1;1143.18;1524.24
RwZ;06/21/201/0000043/2017;2017-02-24;;110-Serwis - blacharnia lakiernia;Zl 06/11/110/0000033/2017;;3;1967.70;2623.59
RwZ;06/21/201/0000044/2017;2017-02-28;;110-Serwis - blacharnia lakiernia;Zl 06/11/110/0000032/2017;;6;3155.14;4206.84
RwZ;06/21/201/0000045/2017;2017-02-28;;110-Serwis - blacharnia lakiernia;Zl 06/11/110/0000032/2017;;1;15.00;21.12
RwZ;06/21/201/0000046/2017;2017-02-28;;100-Serwis mechaniczny;Zl 06/11/100/0000451/2017;;1;2129.34;2765.38
RwZ;06/21/201/0000047/2017;2017-02-28;;110-Serwis - blacharnia lakiernia;Zl 06/11/110/0000035/2017;;1;13.28;17.24
RwZ;06/21/201/0000048/2017;2017-02-28;;110-Serwis - blacharnia lakiernia;Zl 06/11/110/0000015/2017;;1;317.22;411.97
"Razem ""RwZ""";;;;;;;;206069.25;318286.10

ZwZ;06/21/200/0000018/2017;2017-02-03;;100-Serwis mechaniczny;Zl 06/11/100/0000278/2017;;1;14.39;19.29
ZwZ;06/21/200/0000019/2017;2017-02-07;;100-Serwis mechaniczny;Zl 06/11/100/0000222/2017;;1;221.69;280.62
ZwZ;06/21/200/0000020/2017;2017-02-13;;100-Serwis mechaniczny;Zl 06/11/100/0000360/2017;;1;9.10;15.88
ZwZ;06/21/200/0000021/2017;2017-02-14;;100-Serwis mechaniczny;Zl 06/11/100/0000360/2017;;1;59.42;81.95
ZwZ;06/21/200/0000022/2017;2017-02-14;;100-Serwis mechaniczny;Zl 06/11/100/0000361/2017;;2;1728.51;4380.00
ZwZ;06/21/200/0000023/2017;2017-02-15;;100-Serwis mechaniczny;Zl 06/11/100/0000340/2017;;1;205.05;259.56
ZwZ;06/21/200/0000024/2017;2017-02-16;;100-Serwis mechaniczny;Zl 06/11/100/0000379/2017;;1;16.88;23.13
ZwZ;06/21/200/0000025/2017;2017-02-16;;100-Serwis mechaniczny;Zl 06/11/100/0001683/2016;;1;2605.23;3297.76
ZwZ;06/21/200/0000026/2017;2017-02-16;;100-Serwis mechaniczny;Zl 06/11/100/0000389/2017;;1;6.72;12.93
ZwZ;06/21/200/0000027/2017;2017-02-17;;100-Serwis mechaniczny;Zl 06/11/100/0000390/2017;;1;133.49;230.16
ZwZ;06/21/200/0000028/2017;2017-02-17;;100-Serwis mechaniczny;Zl 06/11/100/0000391/2017;;2;99.27;137.90
ZwZ;06/21/200/0000029/2017;2017-02-17;;100-Serwis mechaniczny;Zl 06/11/100/0000394/2017;;1;14.39;19.29
ZwZ;06/21/200/0000030/2017;2017-02-20;;100-Serwis mechaniczny;Zl 06/11/100/0000401/2017;;1;133.49;230.16
ZwZ;06/21/200/0000031/2017;2017-02-21;;100-Serwis mechaniczny;Zl 06/11/100/0000401/2017;;1;22.04;38.00
ZwZ;06/21/200/0000032/2017;2017-02-21;;100-Serwis mechaniczny;Zl 06/11/100/0000399/2017;;1;17.16;23.00
ZwZ;06/21/200/0000033/2017;2017-02-21;;100-Serwis mechaniczny;Zl 06/11/100/0000399/2017;;1;203.01;270.68
ZwZ;06/21/200/0000034/2017;2017-02-22;;100-Serwis mechaniczny;Zl 06/11/100/0001683/2016;;7;5516.12;6986.62
ZwZ;06/21/200/0000035/2017;2017-02-22;;100-Serwis mechaniczny;Zl 06/11/100/0001683/2016;;8;10432.15;14281.34
ZwZ;06/21/200/0000036/2017;2017-02-22;;100-Serwis mechaniczny;Zl 06/11/100/0000192/2017;;17;5960.11;7429.05
ZwZ;06/21/200/0000037/2017;2017-02-23;;100-Serwis mechaniczny;Zl 06/11/100/0000413/2017;;1;74.43;260.32
ZwZ;06/21/200/0000038/2017;2017-02-23;;110-Serwis - blacharnia lakiernia;Zl 06/11/110/0000235/2015;;1;8.75;12.32
ZwZ;06/21/200/0000039/2017;2017-02-24;;110-Serwis - blacharnia lakiernia;Zl 06/11/110/0000210/2016;;1;1711.03;2281.37
ZwZ;06/21/200/0000040/2017;2017-02-25;;100-Serwis mechaniczny;Zl 06/11/100/0000435/2017;;1;42.52;59.88
ZwZ;06/21/200/0000041/2017;2017-02-27;;100-Serwis mechaniczny;Zl 06/11/100/0000443/2017;;1;51.45;88.71
ZwZ;06/21/200/0000042/2017;2017-02-27;;100-Serwis mechaniczny;Zl 06/11/100/0000391/2017;;1;72.78;254.54
ZwZ;06/21/200/0000043/2017;2017-02-27;;100-Serwis mechaniczny;Zl 06/11/100/0000409/2017;;1;2761.79;3495.94
ZwZ;06/21/200/0000044/2017;2017-02-28;;100-Serwis mechaniczny;Zl 06/11/100/0000334/2017;;1;104.10;130.13
ZwZ;06/21/200/0000045/2017;2017-02-28;;110-Serwis - blacharnia lakiernia;Zl 06/11/110/0000036/2017;;1;8.75;12.32
ZwZ;06/21/201/0000001/2017;2017-02-23;;110-Serwis - blacharnia lakiernia;Zl 06/11/110/0000252/2015;;1;426.00;111.95
ZwZ;06/21/201/0000002/2017;2017-02-28;;110-Serwis - blacharnia lakiernia;Zl 06/11/110/0000026/2017;;1;13.28;17.24
"Razem ""ZwZ""";;;;;;;;32673.10;44742.03
;;;;;;;;;
Uwzglêdnione magazyny:;;;200 - 210 Magazyn czêœci Toyota201 - 210 Magazyn czêœci blacharsk.;;;;;;
;;;;;;;;;
Uwzglêdnione dokumenty:;;;041 -   RwZ Wydanie na serwis do zlecenia042 -   ZwZ Zwrot z serwisu;;;;;;

Dealer Management System wer.4.14.554.0 Sporz¹dzi³: Administrator aplikacji 2017-06-27 12:57:34;;;;;;strona 5 / 5;;;
