06/11/100/0001292/2013;K-NMK;2013-11-27;;200/RwZ/0000161;A13503-50011;szt;1,00;143.67;143.67;ROLKA ROZRZ•DU PROWADZ•CA
06/11/100/0001292/2013;K-NMK;2013-11-27;;200/RwZ/0000161;A13505-50022;szt;1,00;243.56;243.56;ROLKA ROZRZ•DU NAPINAJ•CA
06/11/100/0001292/2013;K-NMK;2013-11-27;;200/RwZ/0000161;A13540-50030;szt;1,00;257.89;257.89;NAPINACZ ROZRZ•DU
06/11/100/0001292/2013;K-NMK;2013-11-27;;200/RwZ/0000161;A13568-59045;szt;1,00;198.27;198.27;PASEK ROZRZ•DU
06/11/100/0001292/2013;K-NMK;2013-11-27;;200/RwZ/0000161;A16100-50023;szt;1,00;301.15;301.15;POMPA WODNA
06/11/100/0001292/2013;K-NMK;2013-11-27;;200/RwZ/0000161;A16341-50010;szt;2,00;24.13;48.26;USZCZELKA
06/11/100/0001292/2013;K-NMK;2013-11-27;;200/RwZ/0000161;A96761-24019;szt;1,00;6.77;6.77;USZCZELKA. O-RING
06/11/100/0001292/2013;K-NMK;2013-11-27;;200/RwZ/0000161;A96761-35035;szt;1,00;7.87;7.87;USZCZELKA. O-RING
06/11/100/0001292/2013;K-NMK;2013-11-27;;200/RwZ/0000178;A90311-43006;szt;1,00;39.40;39.40;USZCZELNIACZ WA£U PRZ”D
06/11/100/0001292/2013;K-NMK;2013-11-27;;200/RwZ/0000204;A08886-80506;szt;1,00;22.64;22.64;ATF DEXRON III 1 LITR
06/11/100/0001292/2013;K-NMK;2013-11-27;;200/RwZ/0000204;A08889-80015;szt;5,00;21.19;105.95;P£YN CH£ODZENIA 1L KONCENTRAT
06/11/110/0000112/2015;N;2015-06-06;;200/RwZ/0002562;A90942-05028;szt;1,00;25.08;25.08;ZAW”R FELGI
06/11/110/0000138/2015;N;2015-07-13;;200/RwZ/0001690;A52161-02030;szt;2,00;3.66;7.32;SPINKA
06/11/110/0000138/2015;N;2015-07-13;;200/RwZ/0001690;A52161-02030;szt;3,00;3.66;10.98;SPINKA
06/11/110/0000138/2015;N;2015-07-13;;200/RwZ/0001690;A52161-02030;szt;3,00;3.66;10.98;SPINKA
06/11/110/0000138/2015;N;2015-07-13;;200/RwZ/0001690;A90269-04051;szt;6,00;1.18;7.08;NIT
06/11/110/0000138/2015;N;2015-07-13;;200/RwZ/0001690;A90269-06017;szt;2,00;3.46;6.92;NIT
06/11/110/0000156/2016;N;2016-07-13;;201/RwZ/0000192;A85272-50051;szt;1,00;32.77;32.77;ZACISK
06/11/110/0000186/2016;K-BTU;2016-08-18;;200/RwZ/0002278;TER-KLEJ DO SZYB;szt;1,00;77.00;77.00;KLEJ DO SZYB TEROSON
06/11/110/0000265/2016;D-BZT;2016-12-07;;201/RwZ/0000001;A52611-53170;szt;1,00;117.08;117.08;ABSORBER ZDERZAKA PRZ.
06/11/110/0000265/2016;D-BZT;2016-12-07;;201/RwZ/0000005;A89170-53430;szt;1,00;1580.88;1580.88;KOMPUTER SRS.
06/11/110/0000265/2016;D-BZT;2016-12-07;;201/RwZ/0000300;A52114-53280;szt;1,00;256.55;256.55;PODSTAWA TABL.REJ.
06/11/110/0000265/2016;D-BZT;2016-12-07;;201/RwZ/0000300;A52119-5E916;szt;1,00;941.59;941.59;ZDERZAK PRZOD
06/11/110/0000265/2016;D-BZT;2016-12-07;;201/RwZ/0000300;A52621-53020;szt;1,00;378.59;378.59;OS£ONA ZDERZAKA
06/11/110/0000265/2016;D-BZT;2016-12-07;;201/RwZ/0000300;A53112-53061;szt;1,00;565.25;565.25;ATRAPA G”RNA F-SPORT
06/11/110/0000265/2016;D-BZT;2016-12-07;;201/RwZ/0000300;A53301-53091;szt;1,00;1962.07;1962.07;POKRYWA SILNIKA
06/11/110/0000265/2016;D-BZT;2016-12-07;;201/RwZ/0000300;A53410-53100;szt;1,00;162.71;162.71;ZAWIAS PR. POKRYWY SILNIKA
06/11/110/0000265/2016;D-BZT;2016-12-07;;201/RwZ/0000300;A53420-53100;szt;1,00;162.71;162.71;ZAWIAS L.POKRYWY SILNIKA
06/11/110/0000265/2016;D-BZT;2016-12-07;;201/RwZ/0000300;A53460-53021;szt;1,00;168.94;168.94;POP-UP PR. MASKI
06/11/110/0000265/2016;D-BZT;2016-12-07;;201/RwZ/0000300;A53470-53021;szt;1,00;168.94;168.94;POP-UP L. MASKI
06/11/110/0000265/2016;D-BZT;2016-12-07;;201/RwZ/0000300;A81620-53011;szt;1,00;1737.79;1737.79;LAMPA POZYCYJNA
06/11/110/0000265/2016;D-BZT;2016-12-07;;201/RwZ/0000301;A52112-53060;szt;1,00;628.75;628.75;ATRAPA DOLNA F-SPORT
06/11/110/0000265/2016;D-BZT;2016-12-07;;201/RwZ/0000301;A52129-53913;szt;1,00;38.63;38.63;OS£ONA ZDERZAK PRZOD
06/11/110/0000265/2016;D-BZT;2016-12-07;;201/RwZ/0000301;A52621-53020;szt;1,00;378.59;378.59;OS£ONA ZDERZAKA
06/11/110/0000265/2016;D-BZT;2016-12-07;;201/RwZ/0000301;A53154-53030;szt;1,00;203.58;203.58;KIEROWNICA POW.L.
06/11/110/0000265/2016;D-BZT;2016-12-07;;201/RwZ/0000301;A53214-53040;szt;1,00;58.67;58.67;WSPORNIK CHLODNICY L.
06/11/110/0000265/2016;D-BZT;2016-12-07;;201/RwZ/0000301;A53289-53041;szt;1,00;897.33;897.33;POKRYWA
06/11/110/0000265/2016;D-BZT;2016-12-07;;201/RwZ/0000301;A81185-53711;szt;1,00;2288.31;2288.31;REFLEKTOR
06/11/110/0000265/2016;D-BZT;2016-12-07;;201/RwZ/0000303;A52711-53061;szt;1,00;275.70;275.70;LISTWA ATRAPY F-SPORT
06/11/110/0000271/2016;N;2016-12-15;;200/RwZ/0003535;A75561-50040;szt;0,00;9.11;0.00;SPINKA USZCZELKI DACHOWEJ
06/11/100/0001469/2016;N;2016-08-30;;200/RwZ/0003094;A76801-53110-A2;szt;1,00;191.09;191.09;OSLONA
06/11/100/0001469/2016;N;2016-08-30;;200/RwZ/0003094;A82181-53051;szt;1,00;205.99;205.99;PRZEW”D ELEKTRYCZNY
06/11/100/0001469/2016;N;2016-08-30;;200/RwZ/0003094;A86790-53040;szt;1,00;1100.82;1100.82;KAMERA
06/11/100/0001469/2016;N;2016-08-30;;200/RwZ/0003094;A90159-60498;szt;4,00;1.94;7.76;WKR T
06/11/100/0001469/2016;N;2016-08-30;;200/RwZ/0003094;A90189-06197;szt;4,00;2.01;8.04;NAKLADKA
06/11/100/0002029/2016;N;2016-11-10;;200/RwZ/0003122;APW650-00003;szt;1,00;2414.96;2414.96;LEXUS NAVIGATION KIT
06/11/100/0002051/2016;N;2016-11-14;;200/RwZ/0003134;APW456-00000;szt;1,00;90.41;90.41;NAKR TKI ZABEZPIECZAJ•CE
06/11/100/0002339/2016;G-VEC;2016-12-13;0;200/RwZ/0003505;A67858-48020;szt;1,00;203.04;203.04;TASMA OCHRONNA
06/11/110/0000001/2017;K-BTU;2017-01-03;;200/RwZ/0000077;A52161-02030;szt;1,00;3.98;3.98;SPINKA
06/11/110/0000001/2017;K-BTU;2017-01-03;;200/RwZ/0000077;A52161-02030;szt;9,00;3.98;35.82;SPINKA
06/11/110/0000001/2017;K-BTU;2017-01-03;;201/RwZ/0000006;A52159-76901;szt;1,00;1005.10;1005.10;ZDERZAK TYLNY
06/11/110/0000001/2017;K-BTU;2017-01-03;;201/RwZ/0000006;A58741-76010;szt;1,00;40.36;40.36;FOLIA OCHRONNA B£OTNIKA T/P
06/11/110/0000001/2017;K-BTU;2017-01-03;;201/RwZ/0000006;A75473-76010;szt;1,00;108.02;108.02;EMBLEMAT , NAPIS HYBRID
06/11/100/0000010/2017;N;2017-01-03;;200/RwZ/0000019;OPASKA-01;szt;2,00;2.21;4.42;OPASKA ZACISKOWA
06/11/110/0000011/2017;K-BTU;2017-01-19;;201/RwZ/0000027;A52119-76923;szt;1,00;934.45;934.45;ZASLEPKA
06/11/110/0000011/2017;K-BTU;2017-01-19;;201/RwZ/0000027;A52128-76904;szt;1,00;52.94;52.94;Zaúlepka halogenu
06/11/110/0000011/2017;K-BTU;2017-01-19;;201/RwZ/0000027;A52611-76040;szt;1,00;112.38;112.38;WKLAD ZDERZAKA
06/11/110/0000011/2017;K-BTU;2017-01-19;;201/RwZ/0000027;A53112-76070;szt;1,00;308.98;308.98;ATRAPA
06/11/110/0000011/2017;K-BTU;2017-01-19;;201/RwZ/0000027;A53121-76030;szt;1,00;360.78;360.78;ATRAPA
06/11/110/0000011/2017;K-BTU;2017-01-19;;201/RwZ/0000027;A53122-76010;szt;1,00;523.58;523.58;ATRAPA
06/11/110/0000011/2017;K-BTU;2017-01-19;;201/RwZ/0000027;A53802-76010;szt;1,00;522.14;522.14;B£OTNIK PRZEDNI LEWY
06/11/110/0000011/2017;K-BTU;2017-01-19;;201/RwZ/0000027;A81170-76032;szt;1,00;2036.65;2036.65;REFLEKTOR PRZEDNI LEWY
06/11/110/0000015/2017;K-BTU;2017-01-24;;201/RwZ/0000022;A52119-76923;szt;1,00;934.45;934.45;ZDERZAK PRZEDNI
06/11/110/0000015/2017;K-BTU;2017-01-24;;201/RwZ/0000023;A47749-50090;szt;4,00;1.66;6.64;SPINKA
06/11/110/0000015/2017;K-BTU;2017-01-24;;201/RwZ/0000023;A52161-02030;szt;2,00;3.92;7.84;SPINKA
06/11/110/0000015/2017;K-BTU;2017-01-24;;201/RwZ/0000023;A52611-76040;szt;1,00;112.38;112.38;ABSORBER ZDERZAKA PRZ
06/11/110/0000015/2017;K-BTU;2017-01-24;;201/RwZ/0000023;A53111-76020;szt;1,00;506.57;506.57;KRATA WLOTU POWIETRZA
06/11/110/0000015/2017;K-BTU;2017-01-24;;201/RwZ/0000024;A52114-76050;szt;1,00;260.33;260.33;PODSTAWA TABLICY REJ
06/11/110/0000015/2017;K-BTU;2017-01-24;;201/RwZ/0000024;A53122-76010;szt;1,00;537.54;537.54;LISTWA KRATY ZDERZAJA
06/11/110/0000015/2017;K-BTU;2017-01-24;;201/RwZ/0000048;A53112-76090;szt;1,00;317.22;317.22;KRATA ZDERZAKA
06/11/110/0000021/2017;K-BTU;2017-02-06;;201/RwZ/0000026;A52159-76904;szt;1,00;962.92;962.92;ZDERZAK TYL.
06/11/110/0000021/2017;K-BTU;2017-02-06;;201/RwZ/0000026;A52169-76010;szt;1,00;474.29;474.29;CZESC DOLNA ZDERZAKA
06/11/110/0000021/2017;K-BTU;2017-02-06;;201/RwZ/0000029;A58228-76020;szt;1,00;426.70;426.70;WZMOCNIENIE
06/11/110/0000023/2017;K-BTU;2017-02-08;;201/RwZ/0000030;A52108-30040;szt;1,00;810.92;810.92;WZMOCNIENIE
06/11/110/0000023/2017;K-BTU;2017-02-08;;201/RwZ/0000030;A52159-30964;szt;1,00;1137.71;1137.71;ZDERZAK TYL.
06/11/110/0000032/2017;K-BPR;2017-02-21;;201/RwZ/0000044;A67842-48050;szt;1,00;83.30;83.30;FOLIA DRZWI TYL.L.
06/11/110/0000032/2017;K-BPR;2017-02-21;;201/RwZ/0000044;A67858-48010;szt;1,00;155.97;155.97;OSLONA B£OTNIKA TYL.L.
06/11/110/0000032/2017;K-BPR;2017-02-21;;201/RwZ/0000044;A67872-48060;szt;1,00;270.44;270.44;USZCZELKA
06/11/110/0000032/2017;K-BPR;2017-02-21;;201/RwZ/0000044;A75076-48060;szt;1,00;413.49;413.49;LISTWA OZDOBNA DRZWI T/L
06/11/110/0000032/2017;K-BPR;2017-02-21;;201/RwZ/0000044;A75764-48010;szt;1,00;157.90;157.90;LISTWA OZDOBNA
06/11/110/0000032/2017;K-BPR;2017-02-21;;201/RwZ/0000045;A90269-04051;szt;12,00;1.25;15.00;NIT
06/11/110/0000032/2017;N;2017-02-21;;201/RwZ/0000044;A67004-48130;szt;1,00;2074.04;2074.04;DRZWI TY£ L
06/11/110/0000033/2017;K-BTU;2017-02-22;;201/RwZ/0000043;A52157-30061;szt;1,00;192.06;192.06;WSPORNIK ZDERZAKA T/P
06/11/110/0000033/2017;K-BTU;2017-02-22;;201/RwZ/0000043;A61611-30881;szt;1,00;1711.03;1711.03;BLOTNIK
06/11/110/0000033/2017;K-BTU;2017-02-22;;201/RwZ/0000043;A75571-30380;szt;1,00;64.61;64.61;LISTWA OZDOBNA
06/11/110/0000035/2017;N;2017-02-22;;201/RwZ/0000037;A53289-53041;szt;1,00;887.39;887.39;POKRYWA
06/11/110/0000036/2017;K-BTU;2017-02-22;;201/RwZ/0000038;A85207-53100;szt;1,00;426.00;426.00;SPRYSKIWACZ
06/11/100/0000188/2017;N;2017-01-25;;200/RwZ/0000272;BA-5;szt;1,00;4.43;4.43;BATERIA CR1632
06/11/100/0000224/2017;N;2017-01-27;;200/RwZ/0000406;A89341-78010-A0;szt;1,00;289.65;289.65;CZUJNIK
06/11/100/0000236/2017;G-WSV;2017-01-30;41740;200/RwZ/0000316;A04001-11148;szt;1,00;26.53;26.53;ZESTAW NAPRAWCZY
06/11/100/0000236/2017;N;2017-01-30;;200/RwZ/0000317;A99132-YZZBA;szt;2,00;1.11;2.22;ØAR”WKA BEZCOKO£OWA W5W
06/11/100/0000260/2017;D-DNS;2017-02-01;;200/RwZ/0000341;GCOBRA-AF394-P5;szt;1,00;387.84;387.84;Czujniki parkowania
06/11/100/0000260/2017;D-DNS;2017-02-01;;200/RwZ/0000373;APW456-00000;szt;1,00;90.41;90.41;NAKR TKI ZABEZPIECZAJ•CE
06/11/100/0000260/2017;D-PMD;2017-02-01;;200/RwZ/0000373;IN.KK20;szt;0,10;72.92;7.29;KONC. P£YN. ZIMOWEGO  -70C
06/11/100/0000264/2017;N;2017-02-01;;200/RwZ/0000570;A04152-YZZA1;szt;1,00;22.04;22.04;FILTR OLEJU zam.31090
06/11/100/0000276/2017;N;2017-02-02;;200/RwZ/0000368;A04152-YZZA1;szt;1,00;22.04;22.04;FILTR OLEJU zam.31090
06/11/100/0000276/2017;N;2017-02-02;;200/RwZ/0000368;A08823-80111;szt;1,00;17.16;17.16;P£YN HAMULCOWY DOT-4 0,5L
06/11/100/0000276/2017;N;2017-02-02;;200/RwZ/0000368;A08880-82720;l;6,300;16.54;104.20;TGMO 5W30 PREMIUM C2 208
06/11/100/0000276/2017;N;2017-02-02;;200/RwZ/0000368;A08889-80150;szt;1,00;27.64;27.64;P£YN CH£ODN. ROZTW”R SLLC 1L
06/11/100/0000276/2017;N;2017-02-02;;200/RwZ/0000368;A87139-YZZ30;szt;1,00;51.45;51.45;FILTR PRZECIW PY£KOWY W GLOWY
06/11/100/0000276/2017;N;2017-02-02;;200/RwZ/0000368;A90080-43037;szt;1,00;3.93;3.93;USZCZELKA KORKA SPUSTOWEGO OLEJU
06/11/100/0000276/2017;N;2017-02-02;;200/RwZ/0000368;A90919-01247;szt;6,00;45.10;270.60;åWIECA ZAP£ONOWA
06/11/100/0000276/2017;N;2017-02-02;;200/RwZ/0000368;D4493;szt;0,10;119.18;11.92;SMAR DO HAMULC”W
06/11/100/0000276/2017;N;2017-02-02;;200/RwZ/0000368;H89010810-6;szt;1,00;6.95;6.95;ZMYWACZ DO HAMULC”W WURTH
06/11/100/0000276/2017;N;2017-02-02;;200/RwZ/0000368;IN.J12024;szt;0,10;32.84;3.28;SMAR DO T£OCZK”W NIEBIESKI
06/11/100/0000276/2017;N;2017-02-02;;200/RwZ/0000370;A04465-48190;szt;1,00;321.04;321.04;KLOCKI HAMULCOWE PRZ”D
06/11/100/0000280/2017;N;2017-02-03;;200/RwZ/0000388;A43550-30071;szt;1,00;1076.08;1076.08;PIASTA PRZ. Z £OØYSKIEM
06/11/100/0000319/2017;N;2017-02-08;;200/RwZ/0000432;A85214-68020;szt;1,00;42.94;42.94;GUMKA WYCIERACZKI zam-02220,52110,02340
06/11/100/0000344/2017;N;2017-02-10;;200/RwZ/0000476;A99132-YZZBA;szt;4,00;1.06;4.24;ØAR”WKA BEZCOKO£OWA W5W
06/11/100/0000350/2017;D-PMD;2017-02-10;;200/RwZ/0000524;HPLYN-ZIMA22;szt;0,50;13.43;6.72;P£YN SPRYSK. ZIMOWY 5L -22
06/11/100/0000354/2017;D-PMD;2017-02-13;;200/RwZ/0000490;IN.KK20;szt;0,10;72.92;7.29;KONC. P£YN. ZIMOWEGO  -70C
06/11/100/0000393/2017;N;2017-02-17;;200/RwZ/0000539;A04152-YZZA1;szt;1,00;22.04;22.04;FILTR OLEJU zam.31090
06/11/100/0000393/2017;N;2017-02-17;;200/RwZ/0000539;A08823-80111;szt;1,00;17.16;17.16;P£YN HAMULCOWY DOT-4 0,5L
06/11/100/0000393/2017;N;2017-02-17;;200/RwZ/0000539;A08880-82720;l;4,700;16.54;77.74;TGMO 5W30 PREMIUM C2 208
06/11/100/0000393/2017;N;2017-02-17;;200/RwZ/0000539;A08885-81060;szt;1,50;69.40;104.10;OLEJ DO MOSTU LT 75W85
06/11/100/0000393/2017;N;2017-02-17;;200/RwZ/0000539;A12157-10010;szt;2,00;3.33;6.66;USZCZELKA MOSTU
06/11/100/0000393/2017;N;2017-02-17;;200/RwZ/0000539;A87139-30100;szt;1,00;133.49;133.49;FILTR KLIMATYZACJI
06/11/100/0000393/2017;N;2017-02-17;;200/RwZ/0000539;A90080-43037;szt;1,00;3.93;3.93;USZCZELKA KORKA SPUSTOWEGO OLEJU
06/11/100/0000393/2017;N;2017-02-17;;200/RwZ/0000539;BA-3;szt;1,00;2.28;2.28;BATERIA CR2032
06/11/100/0000396/2017;G-VEC;2017-02-17;41477;200/RwZ/0000554;A16304-36011;szt;1,00;150.09;150.09;DYSZA
06/11/100/0000396/2017;G-VEC;2017-02-17;41477;200/RwZ/0000554;A96762-35040;szt;1,00;8.61;8.61;PIERSCIEN
06/11/100/0000396/2017;G-VEC;2017-02-17;41477;200/RwZ/0000556;A08889-80150;szt;1,00;27.64;27.64;P£YN CH£ODN. ROZTW”R SLLC 1L
06/11/100/0000396/2017;N;2017-02-17;;200/RwZ/0000554;A86134-53030;szt;1,00;209.06;209.06;SZYBKA
06/11/100/0000409/2017;D-PMD;2017-02-21;;200/RwZ/0000614;HPLYN-ZIMA22;szt;0,50;13.43;6.72;P£YN SPRYSK. ZIMOWY 5L -22
06/11/100/0000409/2017;D-PMD;2017-02-21;;200/RwZ/0000626;APZ49C-Z0350-AG;szt;1,00;252.12;252.12;DYWANIKI WELUROWE CZARNE
06/11/100/0000409/2017;N;2017-02-21;;200/RwZ/0000622;GCOBRA-AF394-P5;szt;1,00;387.84;387.84;Czujniki parkowania
06/11/100/0000412/2017;D-PMD;2017-02-21;;200/RwZ/0000575;HPLYN-ZIMA22;szt;0,50;13.43;6.72;P£YN SPRYSK. ZIMOWY 5L -22
06/11/100/0000418/2017;K-NMK;2017-02-22;;200/RwZ/0000590;A85214-30380;szt;1,00;43.48;43.48;GUMKA WYCIERACZKI
06/11/100/0000418/2017;K-NMK;2017-02-22;;200/RwZ/0000590;A85214-42050;szt;1,00;29.90;29.90;GUMKA WYCIERACZKI PRAWEJ
06/11/100/0000418/2017;K-NMK;2017-02-22;;200/RwZ/0000593;HPLYN-ZIMA22;szt;1,00;13.43;13.43;P£YN SPRYSK. ZIMOWY 5L -22
06/11/100/0000418/2017;K-PMK;2017-02-22;;200/RwZ/0000587;A04152-YZZA5;szt;1,00;23.20;23.20;FILTR OLEJU zam. 0R010
06/11/100/0000418/2017;K-PMK;2017-02-22;;200/RwZ/0000587;A08880-82720;l;9,400;16.54;155.48;TGMO 5W30 PREMIUM C2 208
06/11/100/0000418/2017;K-PMK;2017-02-22;;200/RwZ/0000587;A87139-YZZ30;szt;1,00;51.45;51.45;FILTR PRZECIW PY£KOWY W GLOWY
06/11/100/0000418/2017;K-PMK;2017-02-22;;200/RwZ/0000587;A90080-43037;szt;1,00;3.93;3.93;USZCZELKA KORKA SPUSTOWEGO OLEJU
06/11/100/0000418/2017;K-PMK;2017-02-22;;200/RwZ/0000587;BA-5;szt;1,00;4.43;4.43;BATERIA CR1632
06/11/100/0000418/2017;K-PMK;2017-02-22;;200/RwZ/0000587;H89010810-6;szt;1,00;6.95;6.95;ZMYWACZ DO HAMULC”W WURTH
06/11/100/0000418/2017;K-PMK;2017-02-22;;200/RwZ/0000587;IN.1322076;szt;0,10;24.47;2.45;SMAR DO T£OCZK”W NIEBIESKI
06/11/100/0000418/2017;K-PMK;2017-02-22;;200/RwZ/0000587;INRA2102;szt;0,10;82.04;8.20;SMAR DO HAMULC”W
06/11/100/0000418/2017;K-PMK;2017-02-22;;200/RwZ/0000588;A04465-0W110;szt;1,00;358.18;358.18;KLOCKI HAMULCOWE PRZ.-50260/0W130
06/11/100/0000418/2017;K-PMK;2017-02-22;;200/RwZ/0000588;A04466-0W020;szt;1,00;196.20;196.20;KLOCKI HAMULCOWE TY£ -50130 / 50170
06/11/100/0000418/2017;K-PMK;2017-02-22;;200/RwZ/0000588;A43512-50250;szt;1,00;241.82;241.82;TARCZA HAMULCOWA P. PRAWA
06/11/100/0000418/2017;K-PMK;2017-02-22;;200/RwZ/0000588;A43516-50010;szt;1,00;241.82;241.82;TARCZA HAMULCOWA P. LEWA
06/11/100/0000418/2017;K-PMK;2017-02-22;;200/RwZ/0000588;A90105-14180;szt;4,00;10.63;42.52;åRUBA
06/11/100/0000420/2017;K-NMK;2017-02-22;;200/RwZ/0000596;A04423-35020;szt;1,00;15.41;15.41;KOMPLET NAPRAWCZY
06/11/100/0000420/2017;K-NMK;2017-02-22;;;200/RwZ/0000596;A13503-50011;szt;1,00;149.83;149.83;ROLKA ROZRZADU
06/11/100/0000420/2017;K-NMK;2017-02-22;;;200/RwZ/0000596;A13505-50030;szt;1,00;147.76;147.76;ROLKA NAP.ROZRZ•DU
06/11/100/0000420/2017;K-NMK;2017-02-22;;;200/RwZ/0000596;A13540-50030;szt;1,00;164.09;164.09;NAPINACZ
06/11/100/0000420/2017;K-NMK;2017-02-22;;;200/RwZ/0000596;A13568-59095;szt;1,00;191.23;191.23;PASEK
06/11/100/0000420/2017;K-NMK;2017-02-22;;;200/RwZ/0000596;A16100-59276;szt;1,00;344.39;344.39;POMPA WODY
06/11/100/0000420/2017;K-PMK;2017-02-22;;;200/RwZ/0000589;A08823-80111;szt;1,00;17.16;17.16;P£YN HAMULCOWY DOT-4 0,5L
06/11/100/0000420/2017;K-PMK;2017-02-22;;;200/RwZ/0000589;A08880-82720;l;5,200;16.54;86.01;TGMO 5W30 PREMIUM C2 208
06/11/100/0000420/2017;K-PMK;2017-02-22;;;200/RwZ/0000589;A08885-81060;szt;1,50;69.40;104.10;OLEJ DO MOSTU LT 75W85
06/11/100/0000420/2017;K-PMK;2017-02-22;;;200/RwZ/0000589;A08889-80072;szt;1,00;108.97;108.97;P£YN CH£ODZ•CY - SLLC 5L
06/11/100/0000420/2017;K-PMK;2017-02-22;;;200/RwZ/0000589;A08889-80072;szt;1,00;108.97;108.97;P£YN CH£ODZ•CY - SLLC 5L
06/11/100/0000420/2017;K-PMK;2017-02-22;;;200/RwZ/0000589;A12157-10010;szt;2,00;3.33;6.66;USZCZELKA MOSTU
06/11/100/0000420/2017;K-PMK;2017-02-22;;;200/RwZ/0000589;A87139-YZZ16;szt;1,00;39.61;39.61;FILTR PRZECIWPY£KOWY zam.YZZ08
06/11/100/0000420/2017;K-PMK;2017-02-22;;;200/RwZ/0000589;A90080-43037;szt;1,00;3.93;3.93;USZCZELKA KORKA SPUSTOWEGO OLEJU
06/11/100/0000420/2017;K-PMK;2017-02-22;;;200/RwZ/0000589;A90915-YZZJ4;szt;1,00;30.74;30.74;FILTR OLEJU zam. 2004
06/11/100/0000420/2017;K-PMK;2017-02-22;;;200/RwZ/0000589;A96711-19007;szt;1,00;6.51;6.51;USZCZELKA
06/11/100/0000420/2017;K-PMK;2017-02-22;;;200/RwZ/0000589;H89010810-6;szt;1,00;6.95;6.95;ZMYWACZ DO HAMULC”W WURTH
06/11/100/0000420/2017;K-PMK;2017-02-22;;;200/RwZ/0000589;IN.1322076;szt;0,10;24.47;2.45;SMAR DO T£OCZK”W NIEBIESKI
06/11/100/0000420/2017;K-PMK;2017-02-22;;;200/RwZ/0000589;INRA2102;szt;0,10;82.04;8.20;SMAR DO HAMULC”W
06/11/100/0000420/2017;K-PMK;2017-02-22;;;200/RwZ/0000596;A42607-30040;szt;1,00;288.73;288.73;ZAW”R CIåNIENIA W KOLE
06/11/100/0000421/2017;K-PMK;2017-02-22;;;200/RwZ/0000592;A90080-43037;szt;1,00;3.93;3.93;USZCZELKA KORKA SPUSTOWEGO OLEJU
06/11/100/0000421/2017;K-PMK;2017-02-22;;;200/RwZ/0000592;H89010810-6;szt;1,00;6.95;6.95;ZMYWACZ DO HAMULC”W WURTH
06/11/100/0000421/2017;K-PMK;2017-02-22;;;200/RwZ/0000592;INFD1083;szt;0,10;57.01;5.70;SMAR DO T£OCZK”W NIEBIESKI
06/11/100/0000421/2017;K-PMK;2017-02-22;;;200/RwZ/0000592;INRA2102;szt;0,10;82.04;8.20;SMAR DO HAMULC”W
06/11/100/0000425/2017;D-NMU;2017-02-23;;;200/RwZ/0000603;A99132-YZZBA;szt;2,00;1.06;2.12;ØAR”WKA BEZCOKO£OWA W5W
06/11/100/0000425/2017;D-NMU;2017-02-23;;;200/RwZ/0000604;A08880-83388;szt;1,00;37.25;37.25;OLEJ C2 5W30 1L
06/11/100/0000426/2017;D-DUK;2017-02-23;;;200/RwZ/0000608;APW650-00028;szt;1,00;2761.79;2761.79;LEXUS NAVIGATION KIT
06/11/100/0000426/2017;D-DUK;2017-02-23;;;200/RwZ/0000629;APZ49C-Z0350-AG;szt;1,00;252.12;252.12;DYWANIKI WELUROWE CZARNE
06/11/100/0000426/2017;K-NMK;2017-02-23;;;200/RwZ/0000617;BBR205551691HLM001;szt;4,00;272.19;1088.76;OPONA ZIMOWA BRIDGESTONE LM001E,B,72dB
06/11/100/0000430/2017;N;2017-02-24;;;200/RwZ/0000610;HPLYN-ZIMA22;szt;0,50;13.43;6.72;P£YN SPRYSK. ZIMOWY 5L -22
06/11/100/0000432/2017;G-VEC;2017-02-24;;41637;200/RwZ/0000607;A86134-53030;szt;1,00;209.06;209.06;OSèONA WYåWIETLACZA
06/11/100/0000439/2017;D-DNS;2017-02-27;;;200/RwZ/0000631;APZ434-X2306-PJ;szt;1,00;190.67;190.67;MATA BAGAØNIA
06/11/100/0000439/2017;D-DNS;2017-02-27;;;200/RwZ/0000631;APZ49K-X2352-RJ;szt;1,00;205.05;205.05;DYWANIKI GUMOWE
06/11/100/0000439/2017;D-PMD;2017-02-27;;;200/RwZ/0000630;HPLYN-ZIMA22;szt;0,50;13.43;6.72;P£YN SPRYSK. ZIMOWY 5L -22
06/11/100/0000440/2017;D-PMD;2017-02-27;;;200/RwZ/0000635;HPLYN-ZIMA22;szt;0,50;13.43;6.72;P£YN SPRYSK. ZIMOWY 5L -22
06/11/100/0000441/2017;G-WSV;2017-02-27;;41783;200/RwZ/0000616;A04004-85447;szt;1,00;331.35;331.35;ZESTAW NAPRAWCZY
06/11/100/0000441/2017;G-WSV;2017-02-27;;41783;200/RwZ/0000616;A04004-85552;szt;1,00;22.22;22.22;ZESTAW NAPRAWCZY
06/11/100/0000441/2017;G-WSV;2017-02-27;;41784;200/RwZ/0000616;A04006-33176;szt;1,00;38.11;38.11;ZESTAW NAPRAWCZY
06/11/100/0000446/2017;K-PMK;2017-02-28;;;200/RwZ/0000639;A04152-YZZA1;szt;1,00;22.04;22.04;FILTR OLEJU zam.31090
06/11/100/0000446/2017;K-PMK;2017-02-28;;;200/RwZ/0000639;A08880-82720;l;4,700;16.54;77.74;TGMO 5W30 PREMIUM C2 208
06/11/100/0000446/2017;K-PMK;2017-02-28;;;200/RwZ/0000639;A87139-YZZ16;szt;1,00;39.61;39.61;FILTR PRZECIWPY£KOWY zam.YZZ08
06/11/100/0000446/2017;K-PMK;2017-02-28;;;200/RwZ/0000639;A90080-43037;szt;1,00;3.93;3.93;USZCZELKA KORKA SPUSTOWEGO OLEJU
06/11/100/0000446/2017;K-PMK;2017-02-28;;;200/RwZ/0000640;A08823-80111;szt;1,00;17.16;17.16;P£YN HAMULCOWY DOT-4 0,5L
06/11/100/0000446/2017;K-PMK;2017-02-28;;;200/RwZ/0000641;A12157-10010;szt;4,00;3.33;13.32;USZCZELKA MOSTU
06/11/100/0000446/2017;K-PMK;2017-02-28;;;200/RwZ/0000645;A08885-81110;l;1,050;38.98;40.93;OLEJ PRZEK£ADNIOWY Beczka TGMO LT75W85
06/11/100/0000447/2017;G-WSV;2017-02-28;;41775;200/RwZ/0000644;A04004-85447;szt;1,00;331.35;331.35;ZESTAW NAPRAWCZY
06/11/100/0000447/2017;G-WSV;2017-02-28;;41775;200/RwZ/0000644;A04004-85552;szt;1,00;22.22;22.22;ZESTAW NAPRAWCZY
06/11/100/0000451/2017;N;2017-02-28;;;201/RwZ/0000046;A67004-48130;szt;1,00;2129.34;2129.34;DRZWI TY£ L
06/11/100/0000452/2017;G-WSV;2017-02-28;;41786;200/RwZ/0000650;A04002-64153;szt;1,00;1.95;1.95;ZESTAW NAPRAWCZY
